{
  "name": "angularLocalStorage",
  "version": "0.1.7",
  "main": "src/angularLocalStorage.js",
  "ignore": [
    "**/.*",
    "node_modules",
    "components",
    "test",
    "karma.conf.js"
  ],
  "dependencies": {
    "angular": "~1.2.0-rc.2",
    "angular-cookies": "~1.2.0-rc.2"
  },
  "devDependencies": {
    "angular-mocks": "~1.2.0-rc.2"
  },
  "homepage": "https://github.com/agrublev/angularLocalStorage",
  "_release": "0.1.7",
  "_resolution": {
    "type": "version",
    "tag": "0.1.7",
    "commit": "cfce3b6dedb896d17d8770fda1d984f2e564d2dc"
  },
  "_source": "git://github.com/agrublev/angularLocalStorage.git",
  "_target": "~0.1.7",
  "_originalSource": "angularLocalStorage",
  "_direct": true
}